<?xml version="1.0" encoding="UTF-8"?>
<root>
  <item name="com.smartclothing.module_wefit.widget.wheelpicker.picker.DatePicker DatePicker(android.app.Activity, int) 1">
    <annotation name="android.support.annotation.IntDef">
      <val name="value" val="{com.smartclothing.module_wefit.widget.wheelpicker.picker.DateTimePicker.NONE, com.smartclothing.module_wefit.widget.wheelpicker.picker.DateTimePicker.YEAR_MONTH_DAY, com.smartclothing.module_wefit.widget.wheelpicker.picker.DateTimePicker.YEAR_MONTH, com.smartclothing.module_wefit.widget.wheelpicker.picker.DateTimePicker.MONTH_DAY}" />
    </annotation>
  </item>
  <item name="com.smartclothing.module_wefit.widget.wheelpicker.picker.DateTimePicker DateTimePicker(android.app.Activity, int) 1">
    <annotation name="android.support.annotation.IntDef">
      <val name="value" val="{com.smartclothing.module_wefit.widget.wheelpicker.picker.DateTimePicker.NONE, com.smartclothing.module_wefit.widget.wheelpicker.picker.DateTimePicker.HOUR_24, com.smartclothing.module_wefit.widget.wheelpicker.picker.DateTimePicker.HOUR_12}" />
    </annotation>
  </item>
  <item name="com.smartclothing.module_wefit.widget.wheelpicker.picker.DateTimePicker DateTimePicker(android.app.Activity, int, int) 1">
    <annotation name="android.support.annotation.IntDef">
      <val name="value" val="{com.smartclothing.module_wefit.widget.wheelpicker.picker.DateTimePicker.NONE, com.smartclothing.module_wefit.widget.wheelpicker.picker.DateTimePicker.YEAR_MONTH_DAY, com.smartclothing.module_wefit.widget.wheelpicker.picker.DateTimePicker.YEAR_MONTH, com.smartclothing.module_wefit.widget.wheelpicker.picker.DateTimePicker.MONTH_DAY}" />
    </annotation>
  </item>
  <item name="com.smartclothing.module_wefit.widget.wheelpicker.picker.DateTimePicker DateTimePicker(android.app.Activity, int, int) 2">
    <annotation name="android.support.annotation.IntDef">
      <val name="value" val="{com.smartclothing.module_wefit.widget.wheelpicker.picker.DateTimePicker.NONE, com.smartclothing.module_wefit.widget.wheelpicker.picker.DateTimePicker.HOUR_24, com.smartclothing.module_wefit.widget.wheelpicker.picker.DateTimePicker.HOUR_12}" />
    </annotation>
  </item>
  <item name="com.smartclothing.module_wefit.widget.wheelpicker.picker.DateTimePicker.DateMode">
    <annotation name="android.support.annotation.IntDef">
      <val name="value" val="{com.smartclothing.module_wefit.widget.wheelpicker.picker.DateTimePicker.NONE, com.smartclothing.module_wefit.widget.wheelpicker.picker.DateTimePicker.YEAR_MONTH_DAY, com.smartclothing.module_wefit.widget.wheelpicker.picker.DateTimePicker.YEAR_MONTH, com.smartclothing.module_wefit.widget.wheelpicker.picker.DateTimePicker.MONTH_DAY}" />
    </annotation>
  </item>
  <item name="com.smartclothing.module_wefit.widget.wheelpicker.picker.DateTimePicker.TimeMode">
    <annotation name="android.support.annotation.IntDef">
      <val name="value" val="{com.smartclothing.module_wefit.widget.wheelpicker.picker.DateTimePicker.NONE, com.smartclothing.module_wefit.widget.wheelpicker.picker.DateTimePicker.HOUR_24, com.smartclothing.module_wefit.widget.wheelpicker.picker.DateTimePicker.HOUR_12}" />
    </annotation>
  </item>
  <item name="com.smartclothing.module_wefit.widget.wheelpicker.picker.TimePicker TimePicker(android.app.Activity, int) 1">
    <annotation name="android.support.annotation.IntDef">
      <val name="value" val="{com.smartclothing.module_wefit.widget.wheelpicker.picker.DateTimePicker.NONE, com.smartclothing.module_wefit.widget.wheelpicker.picker.DateTimePicker.HOUR_24, com.smartclothing.module_wefit.widget.wheelpicker.picker.DateTimePicker.HOUR_12}" />
    </annotation>
  </item>
</root>

