<?xml version="1.0" encoding="UTF-8"?>
<root>
  <item name="com.smartclothing.module_wefit.tools.DateUtils long calculateDifference(java.util.Date, java.util.Date, int) 2">
    <annotation name="android.support.annotation.IntDef">
      <val name="value" val="{com.smartclothing.module_wefit.tools.DateUtils.Second, com.smartclothing.module_wefit.tools.DateUtils.Minute, com.smartclothing.module_wefit.tools.DateUtils.Hour, com.smartclothing.module_wefit.tools.DateUtils.Day}" />
    </annotation>
  </item>
  <item name="com.smartclothing.module_wefit.tools.DateUtils long calculateDifference(long, long, int) 2">
    <annotation name="android.support.annotation.IntDef">
      <val name="value" val="{com.smartclothing.module_wefit.tools.DateUtils.Second, com.smartclothing.module_wefit.tools.DateUtils.Minute, com.smartclothing.module_wefit.tools.DateUtils.Hour, com.smartclothing.module_wefit.tools.DateUtils.Day}" />
    </annotation>
  </item>
  <item name="com.smartclothing.module_wefit.tools.DateUtils.DifferenceMode">
    <annotation name="android.support.annotation.IntDef">
      <val name="value" val="{com.smartclothing.module_wefit.tools.DateUtils.Second, com.smartclothing.module_wefit.tools.DateUtils.Minute, com.smartclothing.module_wefit.tools.DateUtils.Hour, com.smartclothing.module_wefit.tools.DateUtils.Day}" />
    </annotation>
  </item>
</root>

